datetime,co,no2,o3,so2,pm25,pm10
2020-11-25,2971.5660869565218,93.54913043478261,26.791304347826088,81.08043478260869,342.3017391304348,405.03782608695656
2020-11-26,2314.806666666667,65.41875,20.753333333333334,65.15833333333333,180.7541666666667,226.00125
2020-11-27,1592.1595833333333,56.221666666666664,43.925000000000004,41.485,115.90166666666666,143.95250000000001
2020-11-28,2411.8679166666666,70.04666666666667,50.3725,41.51541666666667,197.88916666666668,234.86125
2020-11-29,3546.9841666666666,93.94958333333334,34.69625,77.78541666666668,329.38166666666666,404.0495833333334
2020-11-30,4253.762916666667,105.43124999999999,34.78333333333333,71.42666666666666,406.11291666666665,511.88625
2020-12-01,4385.597916666667,115.98416666666667,41.01,73.02583333333334,482.88166666666666,613.2687500000001
2020-12-02,3038.2833333333333,78.55624999999999,56.57541666666666,50.2475,322.97833333333335,368.53416666666664
2020-12-03,4152.514166666667,127.06625000000001,27.1525,109.80791666666666,490.01666666666665,655.8295833333333
2020-12-04,3635.1558333333337,110.65458333333333,71.09333333333333,83.20958333333333,494.2058333333334,596.4091666666667
2020-12-05,2272.5258333333336,68.75958333333334,76.62041666666667,50.665,358.0779166666666,392.4216666666667
2020-12-06,3106.699583333333,91.08041666666666,46.68,58.373333333333335,447.5420833333333,501.84999999999997
2020-12-07,3777.0241666666666,93.30624999999999,35.44541666666667,60.66708333333333,480.14166666666665,587.7333333333333
2020-12-08,4570.00125,145.20166666666668,29.20958333333333,124.96125,555.0654166666667,779.5416666666666
2020-12-09,4440.66375,132.63666666666668,31.59166666666667,124.15625,527.47375,725.34375
2020-12-10,3952.2616666666668,86.31083333333333,13.356666666666667,84.37208333333334,362.6166666666666,471.9058333333333
2020-12-11,3256.6012499999997,84.59625,9.288333333333334,83.38416666666667,277.78249999999997,336.34791666666666
2020-12-12,3096.94,80.53958333333334,10.455416666666666,89.10625,302.02875,391.0958333333333
2020-12-13,1484.5133333333333,45.5975,48.030833333333334,34.66041666666667,124.09708333333333,147.04541666666668
2020-12-14,3298.3245833333335,76.65625,30.214166666666667,61.71083333333333,294.7445833333333,383.7054166666667
2020-12-15,3075.82,77.97041666666667,33.020833333333336,64.07541666666667,252.20250000000001,316.36041666666665
2020-12-16,1800.2195833333333,57.23500000000001,48.665,46.223749999999995,145.77291666666667,177.9425
2020-12-17,1418.0349999999999,47.30291666666667,67.02624999999999,40.12291666666667,117.86958333333332,140.41958333333335
2020-12-18,1609.9616666666668,56.15,48.39291666666667,42.25958333333333,124.53291666666667,149.93916666666667
2020-12-19,1401.3458333333335,44.397083333333335,60.126666666666665,34.26291666666666,125.01875,146.34416666666667
2020-12-20,1641.6716666666669,50.365833333333335,54.08583333333333,33.35875,158.91416666666666,183.1833333333333
2020-12-21,3797.315,85.51041666666667,22.609583333333333,83.33749999999999,414.2104166666666,534.9616666666667
2020-12-22,4566.9366666666665,109.64458333333334,25.541666666666668,88.27541666666667,529.89,715.0483333333333
2020-12-23,4625.6325,121.58333333333333,26.729583333333334,91.65249999999999,557.1783333333334,763.6462499999999
2020-12-24,3856.01125,86.6675,32.187916666666666,59.09916666666667,375.41333333333336,464.8929166666667
2020-12-25,3671.06125,79.19916666666667,31.322916666666668,50.32666666666666,336.68625000000003,399.14375
2020-12-26,3790.9225,81.34041666666667,27.622083333333332,53.177083333333336,409.53458333333333,506.7004166666666
2020-12-27,2785.976666666667,64.51958333333333,46.8975,42.120416666666664,330.1925,377.25541666666663
2020-12-28,2743.9816666666666,69.545,26.182083333333335,61.53125,263.7316666666666,318.37
2020-12-29,1740.6937500000001,55.82875000000001,44.80416666666667,40.95791666666667,145.54791666666668,182.26208333333332
2020-12-30,2927.294583333334,75.82875,32.04291666666666,47.742916666666666,251.08124999999998,305.93541666666664
2020-12-31,3805.9525,92.39375,28.010833333333334,74.80416666666666,392.18875,497.87208333333336
2021-01-01,4006.4883333333332,132.5075,11.186250000000001,113.44166666666666,473.3020833333333,613.5508333333333
2021-01-02,2040.5454166666666,65.97583333333334,33.81458333333333,43.98916666666667,297.72583333333336,324.19125
2021-01-03,962.6954166666666,34.43625,48.221666666666664,29.632499999999997,106.12416666666667,117.12291666666665
2021-01-04,2694.19,60.805416666666666,9.065,53.25666666666667,177.60666666666665,220.55166666666665
2021-01-05,1831.3729166666665,55.222500000000004,13.460833333333333,56.24875,145.68833333333333,167.63583333333335
2021-01-06,3042.9775000000004,75.51416666666667,8.850416666666666,89.50041666666668,328.84208333333333,426.8808333333333
2021-01-07,2937.2879166666667,54.665416666666665,8.645,52.75,263.3875,318.005
2021-01-08,3799.8320833333332,73.58708333333333,14.104999999999999,78.48041666666667,361.8745833333333,430.6075
2021-01-09,1282.0166666666667,37.73583333333333,53.85333333333333,33.904583333333335,132.14624999999998,151.32208333333332
2021-01-10,1349.0516666666667,36.307916666666664,71.58541666666666,32.0475,143.08833333333334,161.43291666666667
2021-01-11,1404.6833333333334,42.969166666666666,62.31041666666667,35.23625,130.445,152.07833333333335
2021-01-12,1772.9608333333333,53.171666666666674,49.245416666666664,37.94041666666667,176.6783333333333,205.63166666666666
2021-01-13,3269.9520833333336,68.04666666666667,35.961666666666666,46.41291666666667,338.29041666666666,404.13166666666666
2021-01-14,4566.0975,129.18,14.145416666666668,119.53958333333333,548.23375,769.0516666666667
2021-01-15,4685.1475,162.34708333333333,23.707083333333333,121.63416666666666,585.42375,836.8508333333333
2021-01-16,4148.346666666667,65.47500000000001,18.355416666666667,49.23416666666666,455.6816666666667,562.2904166666666
2021-01-17,1752.9325,43.982499999999995,77.94375000000001,52.401250000000005,322.66,342.9975
2021-01-18,3332.25,68.43166666666666,12.829166666666666,74.64625,417.77583333333337,511.6441666666667
2021-01-19,2602.6829166666666,51.95166666666666,36.408750000000005,43.58083333333334,338.1245833333333,377.79833333333335
2021-01-20,1425.8216666666667,35.572916666666664,86.65041666666667,38.028749999999995,270.44458333333336,288.50166666666667
2021-01-21,2554.5666666666666,55.97208333333333,46.321666666666665,36.5075,287.61375,330.14958333333334
2021-01-22,2801.8225,66.71708333333333,73.35958333333333,62.893750000000004,387.6758333333333,457.87125
2021-01-23,1744.5879166666666,45.6325,64.31583333333333,35.524166666666666,343.07708333333335,370.3954166666667
2021-01-24,2519.5279166666664,52.13833333333333,33.91416666666667,36.71625,330.50208333333336,374.23541666666665
2021-01-25,3226.2862499999997,68.44458333333334,24.536666666666665,55.43291666666667,310.10125,379.4725
2021-01-26,2797.6687500000003,64.79708333333333,33.23291666666667,47.486250000000005,243.71124999999998,296.39708333333334
2021-01-27,1588.82,42.16,22.35,23.6,188.91,216.15
2021-01-28,4054.419565217391,96.94739130434782,36.74173913043478,65.63782608695652,459.31347826086954,573.4834782608696
2021-01-29,2052.2287499999998,57.093333333333334,57.94,44.217083333333335,222.10833333333332,257.82416666666666
2021-01-30,1720.945,51.973749999999995,49.94375,32.455,171.56166666666664,200.04458333333332
2021-01-31,3829.8641666666667,94.67791666666666,26.936666666666667,72.50916666666667,394.75624999999997,520.7033333333334
2021-02-01,4631.468333333333,158.5875,30.71875,106.7725,554.2441666666667,782.6675
2021-02-02,4185.337083333333,140.30875,34.54833333333333,100.77166666666666,507.51458333333335,666.4758333333333
2021-02-03,2062.7975,65.34625,59.236250000000005,57.99458333333333,340.43916666666667,381.02833333333336
2021-02-04,2968.1679166666668,78.19875,26.393333333333334,101.52749999999999,327.65166666666664,389.11999999999995
2021-02-05,2693.09625,65.96124999999999,24.1725,62.793749999999996,230.4025,274.9995833333333
2021-02-06,1358.7879166666667,35.8375,61.27166666666667,31.98708333333333,120.12291666666665,144.10791666666668
2021-02-07,2555.4008333333336,49.724583333333335,55.01916666666667,37.3325,238.39625,284.08208333333334
2021-02-08,3770.895,67.98833333333333,38.335,58.423750000000005,377.37875,460.3675
2021-02-09,3951.97875,109.02999999999999,32.899166666666666,86.98875,424.20166666666665,562.7529166666667
2021-02-10,4470.997083333333,107.15833333333335,37.845416666666665,101.23791666666666,560.0479166666667,743.9866666666667
2021-02-11,4295.47625,96.44791666666667,45.24541666666667,81.2625,526.12625,711.6545833333333
2021-02-12,4328.582083333334,94.97875,43.24041666666667,71.78416666666666,525.9183333333334,689.9579166666667
2021-02-13,4407.285,111.87208333333332,66.76041666666667,75.16166666666668,562.6004166666667,772.9175
2021-02-14,4471.2508333333335,130.17833333333334,54.849583333333335,90.27083333333333,567.7658333333333,804.0545833333334
2021-02-15,4119.12625,131.69375,47.501666666666665,93.67875,532.8983333333333,728.9741666666667
2021-02-16,4104.67125,114.95583333333333,45.73250000000001,126.84750000000001,525.39,685.32
2021-02-17,4124.41625,91.23625,54.14083333333334,71.88375,495.0125,619.7879166666667
2021-02-18,4026.5141666666664,100.64791666666667,57.10791666666666,95.06916666666666,516.14,679.93625
2021-02-19,3757.5437500000003,73.89999999999999,53.856249999999996,70.78041666666667,442.1770833333333,559.9875000000001
2021-02-20,3031.31375,62.819583333333334,66.07291666666667,46.31375,399.86041666666665,455.0804166666667
2021-02-21,2434.9691666666668,53.187083333333334,62.15208333333334,41.057916666666664,350.35875000000004,395.52416666666664
2021-02-22,3036.0516666666667,57.62875,46.06791666666667,51.975833333333334,302.8483333333333,366.84791666666666
2021-02-23,4154.7300000000005,128.22333333333333,35.04833333333333,119.49874999999999,434.81333333333333,601.8833333333333
2021-02-24,4102.992916666667,111.08625,45.53333333333333,80.78458333333333,436.8670833333333,596.03625
2021-02-25,2792.3841666666667,71.4575,52.25416666666666,59.55583333333333,251.60583333333332,313.22291666666666
2021-02-26,3061.62375,96.86291666666666,41.205,77.53416666666666,293.9575,386.7516666666667
2021-02-27,3604.28125,77.58416666666666,31.779583333333335,64.68124999999999,286.47291666666666,400.12208333333336
2021-02-28,3692.1870833333337,90.99416666666667,41.90125,90.81833333333333,356.3125,485.4875
2021-03-01,1629.1537500000002,42.42041666666667,73.16708333333334,47.60541666666666,117.89375,154.75916666666666
2021-03-02,1184.1070833333333,33.41291666666667,104.48625,38.26708333333333,100.5575,121.96083333333333
2021-03-03,3011.258333333333,73.17291666666667,65.58791666666666,74.92416666666666,311.70958333333334,437.2295833333333
2021-03-04,4285.735833333333,136.34875,109.10374999999999,125.44541666666667,507.61125,702.6904166666667
2021-03-05,1341.2633333333333,35.169583333333335,96.34875,35.50541666666667,118.60833333333333,154.755
2021-03-06,2417.982916666667,60.50208333333333,68.26166666666667,48.41833333333333,192.58583333333334,245.99291666666667
2021-03-07,1595.4925,33.11666666666667,107.95875000000001,44.47666666666667,155.35541666666666,204.87666666666667
2021-03-08,1345.1579166666668,41.45666666666667,107.4975,56.2075,177.28583333333333,215.17708333333334
2021-03-09,3138.6633333333334,91.05083333333333,53.84041666666667,89.50625000000001,327.9579166666667,467.24666666666667
2021-03-10,3435.7329166666664,69.50958333333334,74.82291666666667,86.34791666666666,345.81708333333336,458.3625
2021-03-11,3314.47625,95.62041666666666,60.875,116.48166666666667,298.93083333333334,406.34708333333333
2021-03-12,1599.1145833333333,55.27166666666667,55.035833333333336,51.97541666666667,126.04791666666667,163.01833333333335
2021-03-13,2259.7308333333335,62.348749999999995,59.94416666666667,60.001666666666665,172.99249999999998,214.23749999999998
2021-03-14,1615.2458333333334,39.67458333333333,71.95125,38.902499999999996,118.88875,157.87083333333334
2021-03-15,1657.2479166666665,42.977916666666665,67.485,45.280833333333334,125.68875000000001,179.58333333333334
2021-03-16,1990.4775,53.715,57.39124999999999,49.740833333333335,139.69916666666668,227.67875
2021-03-17,2527.0304166666665,55.57958333333334,49.82083333333333,57.81708333333333,187.30958333333334,303.9475
2021-03-18,3295.2741666666666,81.99708333333334,52.59125,71.00958333333334,238.21708333333333,335.1433333333333
2021-03-19,2021.8995833333336,57.38583333333333,39.06791666666667,50.96291666666667,135.49666666666667,193.1029166666667
2021-03-20,2437.4583333333335,49.59166666666667,52.12708333333333,47.29125,150.1525,211.50125
2021-03-21,1519.5616666666667,39.01291666666666,87.68041666666666,43.29333333333333,112.73791666666666,161.645
2021-03-22,1921.2175,58.4075,48.10375,69.61791666666666,131.26333333333332,183.02374999999998
2021-03-23,2575.702083333333,70.18833333333333,43.11708333333333,64.89166666666667,179.50208333333333,236.15666666666667
2021-03-24,1761.8191666666664,42.66958333333333,90.18666666666667,61.78041666666667,161.15291666666667,219.14416666666668
2021-03-25,1023.6104166666668,32.32791666666667,88.05208333333333,35.58416666666667,63.96041666666667,89.89041666666667
2021-03-26,1950.4225,50.70916666666667,67.44833333333334,42.96625,128.07250000000002,178.31500000000003
2021-03-27,3068.285416666667,67.43541666666667,77.90916666666666,61.52166666666667,248.96666666666667,327.98083333333335
2021-03-28,2416.5916666666667,63.39875,136.91,81.60583333333334,286.3179166666667,384.62791666666664
2021-03-29,2625.49625,71.80833333333334,87.01166666666667,67.28375,211.51041666666666,296.4916666666667
2021-03-30,1195.9279166666668,22.385,124.10833333333333,32.489583333333336,137.74833333333333,219.54291666666666
2021-03-31,683.8425000000001,20.022916666666667,133.60333333333332,29.03375,42.98708333333334,58.44083333333333
2021-04-01,862.97625,28.252916666666664,102.96750000000002,35.753750000000004,40.83416666666667,57.32875000000001
2021-04-02,1938.74,58.04291666666666,71.13083333333334,65.02875,101.49624999999999,143.91541666666666
2021-04-03,2278.6470833333333,62.14458333333334,86.06708333333334,65.91291666666667,132.11041666666668,182.18541666666667
2021-04-04,2656.36125,66.11791666666666,80.59458333333333,68.9825,159.07333333333335,215.7075
2021-04-05,1380.7616666666665,47.724583333333335,123.51916666666666,71.10916666666667,100.78958333333333,135.31541666666666
2021-04-06,1227.4979166666667,44.01916666666667,175.29875,85.74041666666666,155.63,203.4525
2021-04-07,1430.5516666666665,42.977916666666665,127.7325,61.195,129.3025,183.2458333333333
2021-04-08,1528.4620833333336,45.32916666666667,101.01708333333333,55.671666666666674,106.54458333333334,144.91875000000002
2021-04-09,1737.0783333333331,52.69125,92.16791666666667,60.15125,97.34333333333335,137.61958333333334
2021-04-10,1013.7362499999999,31.870416666666667,109.68833333333333,39.80041666666667,57.30375,83.26875
2021-04-11,1573.8012500000002,49.49208333333333,89.55083333333333,52.04958333333334,95.26041666666667,148.31041666666667
2021-04-12,1987.9654166666667,55.2225,94.18583333333333,79.22500000000001,141.12208333333334,210.0275
2021-04-13,1423.3187500000001,41.82416666666666,106.60291666666666,51.7575,101.40916666666668,150.29749999999999
2021-04-14,1415.2541666666666,46.28583333333333,91.8125,53.395833333333336,89.07208333333334,135.3841666666667
2021-04-15,2716.1541666666667,69.15541666666667,69.04125,83.93416666666667,181.74375,261.26708333333335
2021-04-16,1835.2579166666667,53.97291666666666,87.71708333333333,72.92708333333333,131.51874999999998,183.3345833333333
2021-04-17,2100.3487499999997,51.91916666666666,73.6225,49.38291666666667,133.73916666666665,184.405
2021-04-18,1899.5112499999998,50.915416666666665,96.63958333333333,68.69541666666667,136.64458333333332,183.33249999999998
2021-04-19,1666.70125,44.35791666666666,95.19458333333334,55.85,95.76333333333334,139.90541666666667
2021-04-20,1392.4354166666665,40.86416666666667,77.80916666666667,58.56166666666667,83.71416666666667,118.65541666666667
2021-04-21,1992.9800000000002,56.225,75.85916666666667,56.0,130.31625,179.9020833333333
2021-04-22,1092.3158333333333,36.27916666666667,155.68666666666667,75.7775,93.68624999999999,116.73416666666667
2021-04-23,959.3570833333333,38.0725,92.21291666666667,55.32208333333333,51.26833333333334,83.28583333333333
2021-04-24,818.3320833333333,23.61583333333333,135.27291666666667,36.28916666666667,45.90833333333333,63.22833333333333
2021-04-25,1546.2658333333331,41.702083333333334,109.41208333333333,43.29333333333333,90.15916666666668,122.34458333333333
2021-04-26,3371.1920833333334,84.03916666666667,96.55291666666666,103.20583333333333,253.4416666666667,344.3241666666667
2021-04-27,3149.2425000000003,81.01625,96.50666666666666,106.42208333333333,234.08583333333334,329.99833333333333
2021-04-28,2558.4504166666666,72.06541666666666,88.46125,85.99041666666666,165.56916666666666,238.88875
2021-04-29,2122.0354166666666,56.275,112.83,73.22458333333333,158.47708333333333,215.1525
2021-04-30,2248.3175,73.46541666666667,92.85833333333333,90.76375,186.53416666666666,242.01166666666666
2021-05-01,1757.3791666666666,49.31,85.455,60.48916666666667,151.70458333333332,195.50541666666666
2021-05-02,1677.2758333333334,56.4625,74.16291666666667,57.67666666666667,127.86833333333334,165.43541666666667
2021-05-03,1495.3616666666667,49.30291666666667,63.91791666666666,57.400000000000006,91.49000000000001,144.27416666666667
2021-05-04,979.9420833333334,47.63916666666666,65.72916666666667,70.74291666666666,72.5575,110.78208333333333
2021-05-05,1445.8491666666666,41.97708333333333,129.64041666666665,63.260416666666664,122.42500000000001,153.54333333333332
2021-05-06,1579.6420833333332,48.718333333333334,113.24041666666666,60.12083333333334,132.1575,160.90416666666667
2021-05-07,3001.54625,111.92958333333333,95.13958333333333,124.22208333333333,274.96375,330.42291666666665
2021-05-08,1471.7191666666668,39.07875,136.085,63.83625,121.39999999999999,149.28166666666667
2021-05-09,1616.0820833333335,50.82,121.20208333333333,58.30291666666667,111.19125000000001,141.14583333333334
2021-05-10,1463.65125,45.504999999999995,97.53916666666667,60.79666666666666,97.1925,124.96333333333332
2021-05-11,1960.4375,52.85833333333333,114.435,57.53,166.13166666666666,208.98416666666665
2021-05-12,2492.5375,67.88250000000001,121.94041666666668,71.1875,205.0675,257.63166666666666
2021-05-13,2416.5870833333333,80.72625000000001,82.31916666666667,89.78416666666668,199.71791666666664,257.42375
2021-05-14,1796.60375,60.19166666666666,97.93791666666668,79.43375,130.29,183.15125
2021-05-15,2857.443333333333,99.09125,78.74833333333333,112.89083333333333,266.09208333333333,372.82666666666665
2021-05-16,2228.0129166666666,58.3425,130.83208333333332,83.96124999999999,171.85708333333332,237.02125
2021-05-17,2283.6341666666667,102.09041666666667,84.61083333333333,92.20833333333333,179.06166666666664,257.86875
2021-05-18,1425.5445833333333,48.23083333333333,47.955000000000005,48.538333333333334,77.9475,98.24833333333333
2021-05-19,1110.67375,42.79833333333334,39.12291666666666,55.07541666666666,70.07458333333334,79.71916666666667
2021-05-20,2408.5208333333335,57.263749999999995,69.65666666666667,49.98833333333334,188.97625000000002,232.26375
2021-05-21,2472.241666666667,80.84166666666667,77.77749999999999,78.45791666666666,183.51,231.80208333333334
2021-05-22,2885.26375,115.89708333333333,162.25833333333335,92.50083333333333,310.53333333333336,427.7695833333333
2021-05-23,1207.7495833333335,41.840833333333336,95.1175,33.62625,89.50708333333334,167.56333333333333
2021-05-24,1344.8808333333334,38.85375,105.64958333333334,39.56791666666667,91.69916666666667,127.28125
2021-05-25,2189.357916666667,54.44333333333333,88.44416666666666,55.29333333333333,118.06916666666666,169.36958333333334
2021-05-26,4139.7195833333335,140.00958333333332,137.19541666666666,107.52666666666666,369.1170833333333,488.3591666666667
2021-05-27,3965.6133333333332,121.31166666666667,260.29541666666665,129.9,470.50708333333336,589.3070833333334
2021-05-28,1887.5508333333335,47.510416666666664,145.31875,50.94291666666666,168.345,210.38708333333332
2021-05-29,728.4883333333333,19.507083333333334,124.545,28.77,63.08375,87.74624999999999
2021-05-30,1156.56875,39.479166666666664,128.98458333333335,48.67666666666667,93.24916666666667,137.04
2021-05-31,2363.1912500000003,77.19125,92.88416666666666,63.4,174.64874999999998,270.70375
2021-06-01,3222.66625,100.80458333333333,98.43458333333335,94.35458333333334,320.22083333333336,438.785
2021-06-02,3671.3158333333336,117.09833333333334,153.96708333333333,101.96499999999999,415.61833333333334,559.8420833333333
2021-06-03,3990.355,115.74083333333334,193.09541666666667,135.67499999999998,522.2145833333333,653.7212499999999
2021-06-04,3811.769166666667,145.13083333333333,165.715,124.16291666666666,504.9279166666667,678.5733333333334
2021-06-05,2288.0845833333333,73.63583333333334,133.76375,69.48791666666666,256.7679166666667,345.05749999999995
2021-06-06,2840.4812500000003,59.54458333333333,84.75583333333334,63.53041666666667,223.31833333333336,302.47166666666664
2021-06-07,2427.4495833333335,65.81791666666666,121.75166666666667,77.20791666666666,173.90083333333334,218.70125
2021-06-08,876.0495833333333,31.570416666666663,58.75125,28.445833333333336,57.275416666666665,167.915
2021-06-09,1957.4966666666667,52.862500000000004,59.647083333333335,50.276250000000005,118.66708333333334,275.86083333333335
2021-06-10,921.5275,35.187083333333334,133.48416666666665,66.97583333333334,74.79416666666667,122.95708333333333
2021-06-11,1058.1025,51.888749999999995,95.39708333333333,86.7425,89.41416666666667,136.69916666666668
2021-06-12,938.4945833333333,21.52125,154.55625,42.02125,71.20208333333333,82.74
2021-06-13,981.05375,29.939583333333335,193.94000000000003,65.22833333333334,87.23166666666667,99.0075
2021-06-14,1039.7437499999999,42.312916666666666,158.81333333333333,89.10666666666667,103.14125,125.92041666666667
2021-06-15,1763.77125,50.024166666666666,69.41708333333334,49.065416666666664,95.97166666666668,155.54083333333332
2021-06-16,1471.7183333333332,69.91708333333334,78.58916666666667,104.295,125.40791666666667,164.93
2021-06-17,1233.8958333333333,46.59583333333333,159.67791666666668,94.79125,127.18083333333334,149.01791666666665
2021-06-18,1075.6258333333333,48.9375,79.39833333333333,80.94208333333333,63.89833333333333,81.36999999999999
2021-06-19,808.8745833333332,34.01583333333333,73.88708333333334,62.2275,45.53125,56.209583333333335
2021-06-20,980.7754166666667,41.085,100.66083333333334,79.29541666666667,74.21333333333332,88.48041666666666
2021-06-21,2123.4270833333335,67.7025,115.27208333333334,71.93333333333334,158.55208333333334,196.71958333333336
2021-06-22,2419.9249999999997,58.835,85.31875000000001,63.18208333333333,180.28,257.6954166666667
2021-06-23,2165.145,59.335,166.94208333333333,86.77208333333334,226.69708333333332,326.31958333333336
2021-06-24,1567.96,46.84,134.275,62.58541666666667,118.72583333333334,171.59
2021-06-25,1257.54,42.72666666666667,119.59666666666668,54.28,122.87291666666665,231.4825
2021-06-26,933.48875,30.530416666666667,157.78125,55.393750000000004,125.01625,239.52791666666667
2021-06-27,1088.14375,27.63291666666667,188.0533333333333,53.1875,129.62416666666667,179.00166666666667
2021-06-28,1484.79125,40.84916666666667,188.1575,65.44583333333334,151.93791666666667,200.26166666666666
2021-06-29,949.20375,27.497083333333336,115.8575,36.647083333333335,96.4975,189.74125
2021-06-30,574.8079166666666,20.30875,66.83208333333333,19.52541666666667,54.40083333333334,183.49958333333333
2021-07-01,495.3941666666667,19.9725,71.85458333333334,18.442916666666665,50.59833333333333,184.75
2021-07-02,534.05875,22.281666666666666,76.08583333333333,22.829166666666666,69.97916666666667,293.98041666666666
2021-07-03,590.6629166666667,23.009583333333335,73.16583333333334,25.123333333333335,72.61874999999999,275.64708333333334
2021-07-04,1432.4995833333332,49.12875,58.69166666666666,44.61416666666667,107.08958333333334,256.58375
2021-07-05,1310.38875,48.18958333333333,84.17208333333333,63.787083333333335,129.68875,276.37416666666667
2021-07-06,913.0445833333333,33.547916666666666,74.48375,39.965833333333336,84.37875,227.95833333333334
2021-07-07,678.0029166666667,26.41541666666667,67.39916666666666,29.9025,50.34583333333333,141.495
2021-07-08,689.2683333333333,28.81125,72.39291666666666,41.822916666666664,56.96958333333333,161.45208333333332
2021-07-09,912.3495833333333,36.57208333333333,125.53083333333332,76.73166666666667,76.245,100.30416666666667
2021-07-10,688.9908333333333,25.17625,138.11958333333334,53.88291666666667,51.18541666666667,57.844166666666666
2021-07-11,685.3741666666666,28.98875,48.43,45.6775,25.315833333333334,29.945833333333336
2021-07-12,647.82375,32.39416666666667,50.009166666666665,50.803333333333335,29.044166666666666,35.6825
2021-07-13,877.85875,51.95166666666666,42.57416666666666,79.77208333333333,46.2925,57.54083333333333
2021-07-14,1231.3929166666667,59.34833333333333,17.56,86.34750000000001,66.87166666666667,82.55499999999999
2021-07-15,1031.9558333333332,49.33791666666667,61.809583333333336,77.3875,62.52041666666667,75.80125
2021-07-16,1476.7258333333332,60.64875,72.29,74.76375,117.71749999999999,141.14416666666668
2021-07-17,1876.9808333333333,50.08833333333333,91.02708333333334,45.74666666666667,125.66916666666667,157.48458333333335
2021-07-18,1320.68125,40.24166666666667,14.325416666666667,45.75625,54.718333333333334,71.84125
2021-07-19,1551.2708333333333,39.36333333333334,2.0516666666666667,68.07833333333333,69.65708333333333,85.90666666666668
2021-07-20,3057.45125,96.935,6.003333333333333,126.19749999999999,253.58,330.1504166666667
2021-07-21,1604.9529166666669,63.23375000000001,30.735416666666666,80.48583333333333,117.97666666666667,151.6675
2021-07-22,1533.1908333333333,52.48,11.959999999999999,79.85166666666667,87.09833333333334,101.68416666666667
2021-07-23,2110.6404166666666,64.70375,65.03666666666668,62.744166666666665,148.23041666666666,173.65333333333334
2021-07-24,1485.3474999999999,43.99791666666667,114.39833333333333,58.18541666666667,147.28583333333333,168.96916666666667
2021-07-25,1452.5216666666665,38.79916666666667,95.04208333333334,56.435833333333335,107.41666666666667,132.41708333333332
2021-07-26,2546.505,82.08458333333333,12.1825,100.195,172.84166666666667,205.26916666666668
2021-07-27,1749.0391666666667,47.83958333333334,18.03625,47.50625,96.9825,117.18708333333335
2021-07-28,2394.0816666666665,45.525416666666665,2.9725,81.79833333333333,137.67958333333334,166.71375
2021-07-29,2609.914583333333,48.93875,5.0562499999999995,62.30708333333333,148.11166666666665,193.665
2021-07-30,1935.3933333333334,65.10416666666667,16.949583333333333,100.11291666666666,144.25583333333333,168.10916666666665
2021-07-31,1213.8679166666668,44.61208333333334,63.245000000000005,56.068333333333335,99.17166666666667,113.54875
2021-08-01,2408.241666666667,44.53458333333333,27.772916666666664,43.662083333333335,163.47,205.90833333333333
2021-08-02,1987.6954166666667,75.72875,6.906666666666666,119.22416666666668,138.71458333333334,161.28666666666666
2021-08-03,996.3520833333333,39.08541666666667,56.51458333333333,62.58541666666667,68.97958333333334,81.87458333333333
2021-08-04,1001.0808333333333,45.49666666666667,36.07875,67.77083333333333,70.39291666666666,89.80541666666666
2021-08-05,2312.8454166666666,75.17166666666667,58.54083333333333,103.59208333333333,186.15333333333334,232.51125000000002
2021-08-06,2969.5537499999996,90.40708333333333,52.779583333333335,107.25708333333334,272.2758333333333,348.9629166666667
2021-08-07,2194.6420833333336,81.01208333333334,48.01458333333333,102.49333333333334,184.54375000000002,212.68166666666664
2021-08-08,2594.0733333333333,92.9925,3.1925000000000003,116.58749999999999,187.16875000000002,215.73541666666665
2021-08-09,3050.4925,82.05416666666666,0.32625,115.08125,253.45000000000002,300.8383333333333
2021-08-10,1392.4445833333332,40.32041666666667,41.73375,33.99458333333333,86.68291666666666,185.8375
2021-08-11,829.1808333333333,31.206666666666667,54.49666666666667,25.32166666666667,41.08416666666667,99.94041666666668
2021-08-12,982.1662500000001,36.772083333333335,46.00375,29.197083333333335,48.73791666666667,119.16166666666668
2021-08-13,1127.2237499999999,36.33958333333333,49.505833333333335,29.927083333333332,54.26333333333333,123.54583333333333
2021-08-14,670.6329166666667,24.349166666666665,56.07208333333333,19.1675,35.004583333333336,87.28333333333335
2021-08-15,1844.4279166666665,32.34875,44.93375,34.40625,100.7725,203.73708333333332
2021-08-16,2701.6820833333336,58.66375,50.86333333333334,62.2775,237.9225,386.885
2021-08-17,3330.589583333333,82.36125,60.27875,87.48875,329.01916666666665,500.16124999999994
2021-08-18,3096.66625,75.10708333333334,106.98958333333333,73.85083333333334,356.67125000000004,496.7604166666667
2021-08-19,2202.422916666667,77.59958333333333,17.895,94.24166666666667,205.22166666666666,252.75250000000003
2021-08-20,1041.6904166666666,44.681666666666665,3.9737500000000003,70.31333333333333,45.16166666666667,54.36625
2021-08-21,1063.9441666666667,37.84291666666667,10.169583333333334,46.3425,40.61166666666667,47.50875
2021-08-22,1476.1683333333333,41.199999999999996,5.361250000000001,46.98833333333334,64.25166666666667,81.0925
2021-08-23,2612.686666666667,47.702916666666674,18.041666666666668,54.13125,149.69125,196.39958333333334
2021-08-24,2827.4208333333336,47.71,4.5625,57.65833333333333,164.67249999999999,216.73791666666668
2021-08-25,1020.5508333333333,33.149166666666666,45.979166666666664,26.334999999999997,59.1875,154.84416666666667
2021-08-26,1595.6179166666668,35.190416666666664,47.117916666666666,33.77583333333333,98.8125,253.14208333333332
2021-08-27,1238.9041666666667,40.90541666666667,33.04666666666667,33.537083333333335,70.15541666666667,200.42375
2021-08-28,1156.8475,41.5425,63.33541666666667,51.88708333333333,99.62583333333333,161.38625
2021-08-29,1139.32375,50.70916666666667,66.8625,72.03291666666667,127.50875,144.3475
2021-08-30,1143.77375,49.89458333333334,23.545833333333334,76.71124999999999,64.64125,81.67583333333333
2021-08-31,1064.7783333333334,52.692499999999995,11.270833333333334,72.7975,55.5425,67.71124999999999
2021-09-01,1834.7116666666668,61.34791666666666,8.330833333333333,86.95375,99.42583333333333,128.14458333333332
2021-09-02,1966.0,79.455,7.690416666666667,105.55708333333332,133.75083333333333,158.0225
2021-09-03,2016.6254166666668,57.15,5.2275,68.68375,108.2375,130.53625
2021-09-04,2365.4108333333334,48.46791666666667,4.239166666666667,51.09166666666667,139.75041666666667,178.6016666666667
2021-09-05,2836.5970833333336,65.34708333333333,68.93458333333334,60.34041666666667,220.87166666666667,266.81374999999997
2021-09-06,2841.8766666666666,71.78708333333333,15.325000000000001,94.66125,222.31125,280.16541666666666
2021-09-07,1304.2691666666667,49.095,4.463333333333334,83.1875,69.64625,82.435
2021-09-08,737.6679166666667,38.115,47.85875000000001,59.12833333333333,41.89083333333333,50.20083333333333
2021-09-09,1100.1033333333332,51.76583333333334,21.665000000000003,70.55166666666666,61.552083333333336,74.14583333333333
2021-09-10,975.4899999999999,45.812916666666666,16.733333333333334,63.18125,44.303333333333335,52.06041666666667
2021-09-11,942.1116666666667,36.172916666666666,11.788333333333334,41.07791666666667,48.7275,55.07583333333333
2021-09-12,1556.555833333333,55.3375,4.910833333333334,64.72083333333333,92.17125,112.81041666666665
2021-09-13,1980.46375,78.77,31.073333333333334,105.70375,156.74166666666667,190.33833333333334
2021-09-14,2578.4675,48.82458333333333,22.760833333333334,64.96958333333333,200.99333333333334,269.93583333333333
2021-09-15,2241.3545833333333,51.83875,43.9675,66.32000000000001,155.40333333333334,202.15458333333333
2021-09-16,1399.6758333333335,46.382083333333334,73.08416666666666,59.62416666666667,118.03333333333335,141.10958333333335
2021-09-17,1033.6241666666667,41.612500000000004,37.58541666666667,58.01625000000001,80.17416666666666,96.45041666666667
2021-09-18,1038.6325,39.0425,38.49208333333333,51.23041666666666,60.09166666666667,75.16375000000001
2021-09-19,1403.5704166666667,45.540416666666665,47.78333333333333,47.29708333333334,111.9875,134.38708333333332
2021-09-20,1636.6633333333332,55.093333333333334,50.802083333333336,54.08041666666667,117.80624999999999,144.73041666666666
2021-09-21,1504.2620833333333,52.6225,54.184583333333336,57.85666666666666,137.89124999999999,157.74125
2021-09-22,1637.7766666666666,52.907916666666665,24.532916666666665,64.25416666666666,88.39,103.34125
2021-09-23,1613.8554166666665,61.96125,20.668333333333333,79.53291666666667,116.86625,142.17499999999998
2021-09-24,1857.5204166666665,60.70416666666667,26.18083333333333,84.80833333333334,109.46416666666666,141.65291666666667
2021-09-25,1372.9741666666666,48.72458333333333,50.815416666666664,70.96958333333333,103.54625,125.11541666666666
2021-09-26,1288.415,43.78208333333333,43.812083333333334,63.469166666666666,77.54625,93.49208333333333
2021-09-27,2561.50625,74.28583333333333,36.598333333333336,97.2725,192.51916666666668,249.86749999999998
2021-09-28,1320.9583333333333,48.437916666666666,49.33958333333334,66.95666666666666,85.16666666666667,106.96666666666665
2021-09-29,1203.5770833333333,46.309583333333336,72.02166666666666,62.00958333333333,95.47208333333333,113.58875
2021-09-30,2923.37125,82.75458333333333,54.41916666666666,93.93666666666667,245.75249999999997,294.4583333333333
2021-10-01,3502.49,98.59125,69.60291666666667,73.90166666666666,299.65208333333334,357.14166666666665
2021-10-02,1900.9120833333334,49.309583333333336,59.463750000000005,41.12625,121.45041666666667,151.05833333333334
2021-10-03,1465.3208333333332,37.36833333333333,37.95375,31.2175,66.31,102.03875
2021-10-04,3150.888333333334,62.018750000000004,29.99625,79.45416666666667,275.3983333333333,407.1275
2021-10-05,4011.4754166666667,161.53916666666666,30.235,148.26375,453.0004166666667,608.6429166666667
2021-10-06,3150.92125,83.06875,65.1075,81.13,280.3333333333333,383.90708333333333
2021-10-07,3023.2429166666666,73.84333333333333,57.09625,60.49,239.69500000000002,312.28000000000003
2021-10-08,3262.9933333333333,75.20041666666667,53.67083333333334,56.178333333333335,268.4220833333333,355.15124999999995
2021-10-09,3242.1454166666667,64.73958333333333,45.64791666666667,46.45166666666666,209.65291666666667,303.87791666666664
2021-10-10,3651.2833333333333,86.51708333333333,41.38666666666666,82.17583333333333,324.4066666666667,469.7579166666667
2021-10-11,3149.50625,103.04666666666667,43.413333333333334,80.29666666666667,275.2133333333333,378.90208333333334
2021-10-12,3184.5633333333335,74.88583333333334,51.88375,72.39,247.92624999999998,348.52416666666664
2021-10-13,1930.67375,55.81458333333333,74.38333333333334,51.518750000000004,182.06375,252.46916666666667
2021-10-14,1730.1241666666665,54.336666666666666,74.3425,46.58083333333334,146.06916666666666,196.54208333333335
2021-10-15,2828.28125,76.07958333333333,59.6875,57.89666666666667,202.75541666666666,268.55125000000004
2021-10-16,3583.9845833333334,117.60291666666666,88.60041666666666,112.67791666666666,369.03208333333333,465.5429166666667
2021-10-17,1976.569166666667,52.6225,47.47833333333333,66.64,159.07708333333332,185.92291666666665
2021-10-18,1743.4750000000001,39.443333333333335,0.2704166666666667,61.413333333333334,96.46041666666667,126.06541666666668
2021-10-19,1444.7375,46.60375,48.33375,37.34291666666667,97.34541666666667,122.17916666666667
2021-10-20,2181.2816666666668,61.59166666666667,52.3825,44.932500000000005,144.89541666666668,188.36749999999998
2021-10-21,1206.63625,42.30583333333333,70.9375,33.07041666666667,92.06625000000001,149.13208333333333
2021-10-22,2673.02625,71.25958333333334,36.59583333333333,72.73166666666667,220.44125,319.45458333333335
2021-10-23,1611.3525,47.653333333333336,41.31333333333333,34.839166666666664,97.945,132.36791666666667
2021-10-24,1925.9445833333332,53.15833333333333,25.41875,39.21125,136.80583333333334,174.84083333333334
2021-10-25,2824.9287499999996,68.07416666666667,43.901250000000005,72.33958333333334,242.71208333333334,306.99375000000003
2021-10-26,2643.3079166666666,64.88958333333333,35.49791666666667,48.92583333333334,174.45041666666668,232.73458333333335
2021-10-27,2339.8404166666664,61.96208333333333,64.97875,48.16166666666667,163.3375,211.765
2021-10-28,3004.880416666667,73.7225,40.30416666666667,53.36541666666667,211.4425,276.90958333333333
2021-10-29,3189.580416666667,83.96833333333333,70.05958333333334,63.81791666666666,241.21124999999998,302.0420833333333
2021-10-30,1824.1404166666669,39.32125,115.7,36.01083333333333,158.59833333333333,189.38541666666666
2021-10-31,3241.2883333333334,70.97291666666666,41.0,70.41250000000001,315.47166666666664,419.4870833333334
2021-11-01,3389.275,88.32333333333334,53.54125,67.63041666666668,312.67958333333337,409.77875
2021-11-02,2902.2495833333337,85.92416666666666,65.00208333333333,52.64125000000001,323.00666666666666,382.31125
2021-11-03,3491.6370833333335,90.33749999999999,41.632083333333334,61.23374999999999,333.33416666666665,411.1058333333333
2021-11-04,4484.329166666666,161.43375,61.54791666666667,142.65208333333334,532.5908333333333,706.5808333333333
2021-11-05,4163.347916666667,107.70166666666667,45.098333333333336,86.26791666666666,434.64166666666665,570.5308333333334
2021-11-06,2668.6195833333336,43.62583333333333,150.2275,35.861666666666665,226.11458333333334,261.3904166666667
2021-11-07,2946.745833333333,72.69416666666667,62.78583333333333,47.555416666666666,251.81458333333333,317.2445833333333
2021-11-08,3671.0608333333334,95.43541666666665,97.50541666666668,56.93125,325.1745833333334,388.84458333333333
2021-11-09,3790.9225,113.84249999999999,74.24125,77.17791666666666,385.85625,492.1641666666667
2021-11-10,4671.795833333334,124.13916666666667,67.45916666666666,81.69875,496.27708333333334,649.93125
2021-11-11,4559.440833333333,115.69916666666667,82.5175,80.34583333333333,499.32625,644.50375
2021-11-12,4055.16,100.54875,55.07583333333333,66.85666666666667,405.88166666666666,506.16083333333336
2021-11-13,3466.9054166666665,76.89833333333333,80.66583333333334,51.54833333333334,350.88625,410.84625
2021-11-14,3993.155,99.37083333333334,52.77291666666667,74.35666666666667,357.02125,434.80958333333336
2021-11-15,3585.39,84.81166666666667,40.098333333333336,68.97208333333333,291.77208333333334,359.0566666666667
2021-11-16,3786.490416666667,86.65333333333332,42.70875,65.91250000000001,333.29791666666665,406.54541666666665
2021-11-17,4470.977916666667,149.85708333333335,40.014583333333334,131.95666666666668,525.6933333333333,724.4966666666668
2021-11-18,4727.427083333333,228.4275,19.945,169.26166666666668,583.94625,841.46375
2021-11-19,4323.555833333333,103.73208333333334,33.0075,94.325,470.2075,606.5508333333333
2021-11-20,3668.28,89.70833333333333,40.915,61.81,328.735,397.2245833333333
2021-11-21,1987.6954166666667,51.51583333333334,79.07291666666667,39.538333333333334,203.75125,234.07833333333335
2021-11-22,1437.2266666666667,38.6,94.69708333333334,41.564166666666665,151.92083333333332,176.2675
2021-11-23,3251.30125,75.91291666666667,42.03958333333333,64.06458333333333,352.8416666666667,440.1266666666667
2021-11-24,4519.3862500000005,139.2225,31.1075,96.29083333333334,521.60375,658.5254166666667
2021-11-25,3987.0166666666664,110.44416666666666,31.776666666666667,85.68124999999999,439.43666666666667,524.1004166666667
2021-11-26,4521.885,130.5220833333333,13.220416666666665,129.09125,473.7320833333333,612.2533333333333
2021-11-27,3491.0808333333334,82.26916666666666,26.235833333333332,52.52125,318.98333333333335,378.825
2021-11-28,3949.74375,143.68875,28.048333333333336,107.83708333333334,476.74333333333334,623.30625
2021-11-29,2763.4466666666667,68.64541666666666,50.412083333333335,55.46208333333333,303.6404166666667,371.45125
2021-11-30,3212.935,73.78625,44.254999999999995,57.33958333333334,347.82958333333335,431.3354166666666
2021-12-01,4018.4529166666666,99.42,23.460416666666664,80.665,438.15625,536.8879166666667
2021-12-02,3160.1145833333335,80.35541666666667,22.6875,58.00625,333.42041666666665,382.27708333333334
2021-12-03,3999.5379166666667,112.07208333333334,20.736666666666668,103.74624999999999,480.2108333333333,622.7958333333333
2021-12-04,4149.449583333333,101.28958333333333,25.264166666666664,73.31291666666667,445.24,577.27125
2021-12-05,4134.985833333333,132.1225,20.099583333333335,108.87291666666665,460.6091666666667,603.9570833333333
2021-12-06,2717.0179166666667,64.69,16.723333333333333,62.39666666666667,237.56708333333333,293.56666666666666
2021-12-07,1883.665,55.00833333333333,31.059583333333332,40.86,139.27541666666667,172.58083333333332
2021-12-08,3207.3725,70.77416666666666,28.034166666666664,53.03875,274.2129166666667,339.2729166666667
2021-12-09,3980.340833333333,89.08,30.128333333333334,63.985833333333325,376.0125,456.6775
2021-12-10,3033.5495833333334,69.01666666666667,34.91416666666667,45.44833333333333,242.11125,289.605
2021-12-11,2858.0291666666667,64.26125,31.481666666666666,39.10958333333333,248.16208333333336,294.6458333333333
2021-12-12,4223.429166666667,147.41541666666666,26.329166666666666,132.9775,462.57666666666665,582.8166666666667
2021-12-13,4547.465416666667,158.65375,16.955833333333334,155.03166666666667,538.0808333333333,735.53625
2021-12-14,4069.340833333333,132.23583333333332,13.71125,116.39999999999999,481.4941666666667,612.7958333333333
2021-12-15,4037.3675000000003,97.11958333333332,27.562916666666666,65.8425,451.2204166666666,544.45125
2021-12-16,3124.773333333333,84.66708333333334,22.905,70.95875,332.09583333333336,393.20416666666665
2021-12-17,1477.837083333333,47.21083333333333,61.08708333333333,39.17041666666667,136.15291666666667,159.66416666666666
2021-12-18,1082.8575,27.221249999999998,90.92708333333333,30.6075,105.40333333333332,119.60875
2021-12-19,1476.4466666666667,38.45041666666666,83.59458333333333,38.1575,171.70208333333335,194.56916666666666
2021-12-20,3632.090833333333,82.61125,28.739166666666666,77.74458333333334,399.0833333333333,513.69375
2021-12-21,4437.335416666667,101.76125,27.256249999999998,70.38208333333334,497.61625,638.3108333333333
2021-12-22,4518.8204166666665,121.58208333333333,24.631249999999998,86.2675,523.7616666666667,705.0745833333334
2021-12-23,4566.93625,127.58041666666666,15.980416666666668,105.82291666666667,562.3995833333333,771.5633333333334
2021-12-24,4476.2675,142.23208333333332,28.38,95.46416666666666,561.4679166666666,742.4175
2021-12-25,4554.97125,152.91333333333333,17.595833333333335,115.47333333333334,566.7308333333334,809.9720833333334
2021-12-26,3767.2925,90.09375,18.660416666666666,68.72375000000001,466.2970833333333,552.9833333333333
2021-12-27,3703.8641666666667,100.01916666666666,14.02625,117.935,369.9904166666667,491.28375
2021-12-28,4358.329583333333,97.79166666666667,0.48,142.85,458.26208333333335,626.9845833333334
2021-12-29,3402.3745833333337,77.79916666666666,18.615416666666665,74.87375,364.1033333333333,460.435
2021-12-30,3841.263333333334,88.16708333333334,19.407500000000002,68.98375,355.8304166666667,442.7183333333333
2021-12-31,3448.54625,81.96833333333333,26.7825,47.91291666666667,301.9529166666667,362.48
2022-01-01,3583.43875,78.14208333333333,32.83416666666667,44.42583333333334,374.47541666666666,433.84041666666667
2022-01-02,3541.4504166666666,78.485,33.30125,43.29333333333333,391.4270833333333,449.1720833333333
2022-01-03,3938.929166666667,73.61541666666666,26.1675,49.06458333333333,387.9691666666667,452.85791666666665
2022-01-04,4458.465833333333,98.5625,20.344166666666666,83.44708333333334,504.05583333333334,669.3641666666666
2022-01-05,3153.956666666667,81.95333333333333,20.92125,78.14208333333333,385.8616666666667,491.03458333333333
2022-01-06,2348.44375,61.99125,24.119583333333335,48.52791666666667,224.89333333333332,258.68625000000003
2022-01-07,1202.4641666666666,36.18625,34.00083333333333,31.858333333333334,111.27291666666667,120.56791666666668
2022-01-08,1147.3895833333333,38.235416666666666,21.640416666666667,37.33208333333334,79.9375,88.92583333333333
2022-01-09,1742.3637500000002,39.31458333333333,4.399166666666667,42.418749999999996,108.33625,132.42583333333332
2022-01-10,3287.4812500000003,58.03541666666666,18.40625,48.24,268.26166666666666,331.9533333333333
2022-01-11,2345.959166666667,58.77791666666667,32.555416666666666,40.36208333333334,195.68416666666667,232.55291666666665
2022-01-12,3286.652083333333,72.60083333333334,22.836250000000003,54.43,341.6579166666666,421.77708333333334
2022-01-13,4178.368333333333,138.96166666666667,17.537916666666668,119.89375,446.785,601.7870833333333
2022-01-14,4109.122083333333,94.04875,13.757916666666667,70.25458333333334,455.42041666666665,559.0745833333334
2022-01-15,3132.0245833333333,66.4325,27.412499999999998,40.89833333333333,318.65291666666667,363.65375
2022-01-16,3671.0425,75.38541666666667,28.041666666666668,56.653333333333336,437.43875,501.89208333333335
2022-01-17,4342.77125,104.11791666666666,2.815,112.06041666666665,502.9058333333333,646.92125
2022-01-18,3069.7183333333337,68.85833333333333,19.2525,45.16,347.06333333333333,388.845
2022-01-19,4267.660833333333,98.62124999999999,15.229583333333332,76.13458333333334,505.28208333333333,619.465
2022-01-20,4612.827083333334,92.27999999999999,4.805833333333333,118.62166666666667,545.06375,767.4899999999999
2022-01-21,3631.2516666666666,87.95291666666667,30.358333333333334,77.28583333333333,430.39375,551.9216666666667
2022-01-22,892.32125,25.369583333333335,70.735,29.444999999999997,122.50333333333333,126.91250000000001
2022-01-23,1241.68,33.93,26.46,32.42,145.54,154.04
2022-01-24,3242.058260869565,48.96521739130435,14.866521739130436,44.63608695652174,208.12478260869565,264.75347826086954
2022-01-25,2359.8675,53.07333333333333,20.9525,38.0475,172.94958333333332,209.28666666666666
2022-01-26,2191.3054166666666,50.60874999999999,33.33583333333333,40.420833333333334,193.11041666666665,227.38541666666666
2022-01-27,1455.8637500000002,43.418749999999996,54.86375,34.869166666666665,115.39416666666666,138.78
2022-01-28,1562.9525,52.680416666666666,38.55625,34.877916666666664,116.4225,144.82458333333332
2022-01-29,1733.7408333333333,51.23791666666667,37.95875,34.3825,130.86666666666667,162.54
2022-01-30,1334.5879166666666,37.834583333333335,54.33583333333333,32.524166666666666,139.24583333333334,164.59625
2022-01-31,4565.550416666666,154.64124999999999,18.417916666666667,141.36416666666665,533.8641666666666,745.4558333333333
2022-02-01,3041.5925,78.21249999999999,56.60166666666667,82.86041666666667,416.8766666666667,548.475
2022-02-02,2479.1716666666666,64.93291666666667,58.57583333333333,56.51499999999999,304.31083333333333,374.97791666666666
2022-02-03,1352.9466666666667,45.047083333333326,52.748333333333335,45.875416666666666,160.23708333333335,172.63041666666666
2022-02-04,2403.8075000000003,50.030833333333334,19.52208333333333,50.55416666666667,164.03,211.94875000000002
2022-02-05,3898.5633333333335,93.07958333333333,18.3475,79.61166666666666,394.0566666666667,509.88958333333335
2022-02-06,3782.304166666667,98.87666666666667,50.74208333333333,61.82958333333334,410.6870833333333,498.16625
2022-02-07,4116.344166666667,81.55541666666666,30.10875,63.73708333333334,434.33875000000006,554.0095833333334
2022-02-08,4346.93,110.47333333333334,11.210416666666667,105.98791666666666,510.12875,666.0783333333333
2022-02-09,3830.977083333333,73.315,26.797083333333333,77.80375,424.675,504.0054166666667
2022-02-10,2550.9304166666666,45.62583333333333,71.07791666666667,52.46125,281.59666666666664,355.4891666666667
2022-02-11,1396.8941666666667,40.04208333333333,81.25541666666666,38.09708333333334,144.4675,170.82125
2022-02-12,2876.09,46.09708333333333,49.17083333333333,44.55458333333333,267.63916666666665,328.80916666666667
2022-02-13,4205.362916666666,123.9525,31.7325,109.74708333333332,444.0395833333334,590.0454166666667
2022-02-14,4388.639166666667,119.32625,29.048333333333332,102.73833333333333,503.51500000000004,708.1545833333333
2022-02-15,4328.571666666667,121.15875,42.92625,80.42666666666666,503.68375,701.7379166666666
2022-02-16,3416.5358333333334,73.42916666666666,40.68125,60.458333333333336,346.70166666666665,446.88374999999996
2022-02-17,3920.2687499999997,83.55458333333333,34.86208333333334,75.91625,378.57874999999996,474.26624999999996
2022-02-18,3283.3129166666663,92.27958333333333,35.55875,75.86708333333333,303.81874999999997,397.8558333333333
2022-02-19,1663.3670833333333,37.443333333333335,68.87166666666667,34.71958333333333,145.76708333333332,176.69833333333335
2022-02-20,934.6,20.39,67.95,25.51,118.38,131.11
2022-02-21,3561.0169565217393,100.46304347826087,34.13,83.68478260869566,344.3760869565217,448.8147826086956
2022-02-22,1184.94,33.21583333333333,114.30833333333334,44.86291666666667,144.33375,164.28916666666666
2022-02-23,3048.2670833333336,76.35708333333334,58.41041666666667,70.29333333333334,372.37375,469.38416666666666
2022-02-24,3437.1379166666666,91.36541666666666,29.71375,87.90541666666667,379.18083333333334,490.6879166666667
2022-02-25,2397.9466666666667,67.96708333333333,71.88791666666667,85.33291666666666,245.93708333333333,308.7425
2022-02-26,757.4170833333334,30.916666666666668,79.52708333333334,43.928333333333335,39.3275,50.630833333333335
2022-02-27,1182.9925,39.16291666666667,69.36541666666666,42.44916666666666,74.22375,97.62583333333333
2022-02-28,1632.4920833333333,51.0525,61.29958333333334,45.72666666666667,120.90625,150.19416666666666
2022-03-01,2962.0483333333336,74.61458333333333,59.550000000000004,57.388749999999995,258.9841666666667,320.3208333333333
2022-03-02,4179.207916666667,116.19875,49.010416666666664,91.08625,403.83375,517.8254166666667
2022-03-03,3658.2374999999997,109.08708333333334,48.21291666666667,99.6175,362.95166666666665,469.5508333333333
2022-03-04,1119.0183333333332,30.944999999999997,82.32791666666667,35.0375,91.86375,110.08333333333333
2022-03-05,1024.7216666666666,27.450416666666666,93.98166666666667,29.334999999999997,80.72416666666668,96.34208333333333
2022-03-06,2879.98875,112.12666666666667,77.05875,64.87916666666666,292.32916666666665,374.22416666666663
2022-03-07,4193.681250000001,137.44333333333333,52.98333333333333,102.13208333333334,471.78541666666666,629.4704166666667
2022-03-08,2772.648333333333,66.21124999999999,60.07916666666667,53.36625,233.21333333333334,290.2241666666667
2022-03-09,1818.2995833333334,54.42958333333333,56.25666666666667,44.53458333333333,120.18374999999999,158.8375
2022-03-10,1333.4758333333332,40.145833333333336,81.34625,38.06666666666667,106.38708333333334,134.6175
2022-03-11,1438.0616666666667,42.67666666666667,71.92916666666666,38.40625,102.605,137.51666666666668
2022-03-12,1498.9766666666667,43.44083333333333,68.37916666666666,34.183749999999996,103.28000000000002,141.6525
2022-03-13,2347.907083333333,52.944583333333334,60.870000000000005,39.25958333333333,167.08666666666667,228.33666666666667
2022-03-14,3450.7629166666666,72.65166666666667,71.67416666666666,67.125,297.41541666666666,402.86375
2022-03-15,1860.3004166666667,47.903333333333336,89.44625,43.91833333333333,167.155,236.67499999999998
2022-03-16,1297.8720833333334,34.54708333333333,102.75833333333333,38.91125,155.565,208.19791666666666
2022-03-17,2835.775833333333,76.69958333333334,146.06708333333333,100.47791666666666,355.5525,439.84375
2022-03-18,2659.1383333333333,73.96499999999999,78.18541666666667,59.197916666666664,283.06041666666664,351.51
2022-03-19,2510.6208333333334,62.60833333333333,96.51375,52.92916666666667,244.515,294.0725
2022-03-20,3008.4858333333336,65.59583333333333,90.68291666666666,60.66708333333333,291.35041666666666,368.4254166666667
2022-03-21,1989.0779166666669,47.44583333333333,107.38625,63.90625,212.785,277.95125
2022-03-22,1106.7795833333332,29.379166666666666,120.46125,39.407916666666665,124.96125,158.68333333333334
2022-03-23,2922.2687499999997,86.70958333333334,65.5125,83.84916666666668,274.2270833333333,367.5545833333333
2022-03-24,1788.12,52.07083333333333,59.855,46.471666666666664,120.96166666666666,193.5225
2022-03-25,1752.0891666666666,38.91125,89.21916666666668,45.24916666666667,144.1525,198.44833333333335
2022-03-26,949.6216666666668,24.15833333333333,112.16000000000001,28.410416666666666,94.36666666666667,124.34916666666668
2022-03-27,1997.71,51.06666666666666,69.94250000000001,55.153333333333336,137.65875,202.31833333333336
2022-03-28,3235.744166666667,88.46666666666665,82.89458333333333,96.67750000000001,236.86916666666664,337.2020833333333
2022-03-29,3233.93125,68.35583333333334,65.66375000000001,84.88708333333334,229.92,342.17833333333334
2022-03-30,4042.0775,119.505,84.04833333333333,138.42499999999998,396.3904166666667,564.3395833333333
2022-03-31,3034.08625,90.83708333333334,147.175,98.88416666666666,360.0754166666666,483.17125000000004
2022-04-01,1403.0141666666666,44.66583333333333,106.89999999999999,49.185,93.65875,131.66333333333333
2022-04-02,2063.9058333333332,53.89124999999999,122.85416666666667,55.99875,141.44541666666666,182.8083333333333
2022-04-03,2535.3633333333332,68.19541666666667,105.87625000000001,73.42291666666667,181.91958333333332,253.42208333333335
2022-04-04,1619.9758333333332,49.11000000000001,99.71249999999999,57.81583333333333,108.56958333333334,153.46583333333334
2022-04-05,2224.6745833333334,57.63916666666666,114.43416666666667,68.2175,165.67208333333335,220.65
2022-04-06,1989.6375,53.201249999999995,110.70166666666667,59.51500000000001,137.39833333333334,183.2904166666667
2022-04-07,1918.9916666666668,54.67208333333334,97.555,57.31916666666667,122.04041666666667,166.255
2022-04-08,2080.733333333333,60.55458333333333,100.72583333333334,64.22541666666667,123.42541666666666,180.63
2022-04-09,1850.7045833333334,51.27708333333334,93.81416666666667,53.385416666666664,112.23458333333333,166.72916666666666
2022-04-10,1219.7104166666666,33.905,108.73958333333333,40.16291666666667,82.21333333333332,119.41875
2022-04-11,1908.9779166666667,60.037083333333335,84.95833333333333,58.27375,109.13666666666667,163.41916666666665
2022-04-12,2137.3191666666667,77.91333333333334,56.84583333333333,69.15083333333332,126.10916666666667,184.22875
2022-04-13,3069.4025,78.42708333333333,65.67333333333333,106.7025,237.64208333333332,356.1645833333334
2022-04-14,2919.482083333334,68.58458333333333,80.45541666666666,82.34416666666667,209.84291666666664,294.55791666666664
2022-04-15,1524.5670833333334,47.42458333333334,116.72541666666666,58.751666666666665,122.41625,167.86541666666668
2022-04-16,1720.3833333333334,54.67166666666666,118.75833333333334,73.70833333333333,121.78916666666667,162.90625
2022-04-17,2770.419583333333,68.69083333333333,93.78750000000001,85.115,166.72541666666666,229.7675
2022-04-18,2304.22125,66.31125,138.08666666666667,94.63541666666667,188.75666666666666,240.27874999999997
2022-04-19,1273.2549999999999,41.88333333333333,87.87541666666665,47.593333333333334,90.93208333333332,162.09083333333334
2022-04-20,1443.0691666666664,42.66958333333333,75.73583333333333,50.470416666666665,99.44916666666667,165.20374999999999
2022-04-21,2198.945833333333,59.435,39.84375,67.76083333333334,147.275,267.78000000000003
2022-04-22,1351.2770833333334,39.709583333333335,112.74833333333333,58.821666666666665,104.14833333333333,172.985
2022-04-23,1136.2625,30.51375,118.28625,45.18958333333333,76.36958333333332,121.97000000000001
2022-04-24,907.75875,25.546666666666667,121.90625,34.04958333333334,59.375,94.57625
2022-04-25,1549.7404166666668,46.21458333333334,100.14583333333333,55.74458333333333,96.49000000000001,149.89916666666667
2022-04-26,1819.1241666666665,48.94916666666666,112.2075,69.93625,128.45291666666665,199.37125
2022-04-27,1825.2479166666665,48.93541666666667,119.84916666666668,58.76,107.79333333333334,154.43583333333333
2022-04-28,2212.9966666666664,57.0825,102.08375000000001,67.41250000000001,123.32041666666667,187.94375
2022-04-29,1132.9254166666667,36.285833333333336,114.15375,40.48625,69.0425,111.67958333333333
2022-04-30,1423.875,44.02333333333333,94.35833333333333,46.29333333333333,76.75583333333334,122.65208333333334
2022-05-01,1002.4704166666667,27.618750000000002,158.89916666666667,48.63708333333333,107.98125,128.4475
2022-05-02,834.4641666666666,28.488333333333333,140.63750000000002,56.52458333333333,76.0275,93.18291666666666
2022-05-03,1240.0141666666666,39.61375,184.92333333333332,77.435,127.56791666666668,167.20833333333334
2022-05-04,1900.9120833333334,63.861250000000005,142.37,80.76416666666667,159.15208333333334,208.24291666666667
2022-05-05,2271.405,65.04,114.74833333333333,84.76416666666667,197.81041666666667,284.7416666666667
2022-05-06,2172.1129166666665,57.72541666666666,114.08833333333332,76.51208333333334,145.23041666666668,215.17624999999998
2022-05-07,2347.34125,57.625,97.69416666666666,70.68041666666666,156.45291666666665,225.80916666666667
2022-05-08,972.1516666666666,25.28958333333333,156.92458333333335,41.78333333333333,84.3275,112.71958333333333
2022-05-09,935.4354166666667,30.30333333333333,154.49666666666667,61.69083333333333,75.1475,94.20208333333333
2022-05-10,1418.8695833333334,40.87,121.95125,55.49208333333333,111.5175,141.81541666666666
2022-05-11,1204.6895833333333,31.337500000000002,168.40625,53.28583333333333,115.53249999999998,141.83625
2022-05-12,1175.4820833333333,30.11708333333333,163.73458333333335,52.92958333333333,126.99791666666665,160.00208333333333
2022-05-13,1835.26625,49.959583333333335,142.89791666666667,62.66458333333333,157.23416666666665,211.41208333333336
2022-05-14,1742.6362499999998,47.64291666666667,122.32708333333333,61.3825,123.12124999999999,176.97833333333332
2022-05-15,2320.7620833333335,59.659166666666664,67.15083333333334,65.31166666666667,132.58791666666667,222.38958333333335
2022-05-16,1429.57625,41.899166666666666,95.1025,46.39208333333334,157.66708333333335,301.1691666666666
2022-05-17,1681.9983333333332,49.567083333333336,140.99208333333334,86.96041666666667,205.30625,293.4841666666667
2022-05-18,1602.4508333333333,54.14333333333334,126.64875,71.83291666666666,153.96458333333334,285.0708333333333
2022-05-19,1757.1049999999998,53.46541666666667,117.0025,65.37583333333333,156.88500000000002,297.4741666666667
2022-05-20,1511.3558333333333,47.29624999999999,126.02,58.22416666666667,147.45208333333332,264.63208333333336
2022-05-21,1954.1641666666667,48.40958333333333,76.3575,53.95708333333334,163.64166666666668,300.9316666666667
2022-05-22,1021.6633333333333,28.314166666666665,155.33,47.33708333333333,120.66875,194.91458333333333
2022-05-23,919.0254166666667,29.766666666666666,102.60958333333333,47.26541666666666,73.12458333333333,85.52625
2022-05-24,1334.86625,42.72666666666667,107.38583333333332,53.743750000000006,102.96166666666666,145.41625
2022-05-25,2957.87125,77.25666666666667,124.74208333333333,90.66375,256.00625,335.22125
2022-05-26,2833.8054166666666,79.84791666666668,142.13583333333332,85.15458333333333,277.88208333333336,354.12583333333333
2022-05-27,1254.2012499999998,38.35583333333333,98.23083333333334,38.77333333333333,104.57083333333333,193.21666666666667
2022-05-28,1275.75875,41.452083333333334,64.82791666666667,33.70708333333334,101.09875,277.0858333333333
2022-05-29,1050.5916666666667,31.980416666666667,115.20625,39.655833333333334,117.28208333333333,310.09375
2022-05-30,2529.235416666667,80.14166666666667,97.96541666666667,69.56833333333334,207.34875,441.8004166666667
2022-05-31,2955.6275,114.90666666666668,117.62958333333334,98.89,339.04833333333335,564.4825
2022-06-01,2041.3795833333334,56.43208333333333,98.32291666666667,55.07458333333333,169.98375000000001,324.9783333333333
2022-06-02,2522.842916666667,72.67291666666667,77.5175,74.29625,180.57375,347.68625
2022-06-03,2493.3766666666666,68.27083333333333,97.43416666666667,74.85375,169.53416666666666,306.0470833333333
2022-06-04,2528.7025,68.77708333333334,102.46916666666668,70.09458333333333,161.20125,270.3379166666667
2022-06-05,1509.67125,47.10333333333333,80.51416666666667,39.42875,78.16250000000001,194.67
2022-06-06,2043.5808333333334,76.02875,81.16291666666667,63.9175,121.02666666666666,291.52958333333333
2022-06-07,887.1754166666666,32.58083333333333,92.30624999999999,32.7875,83.17458333333333,264.84375
2022-06-08,648.9358333333333,25.69333333333333,93.62458333333332,25.416666666666668,51.05875,178.72625000000002
2022-06-09,1333.7529166666666,47.925000000000004,73.66,40.30625,91.30541666666666,284.06958333333336
2022-06-10,1462.2466666666667,40.308749999999996,69.3,45.45708333333334,99.15583333333335,274.87083333333334
2022-06-11,695.2483333333333,23.394166666666667,72.7775,24.025833333333335,62.94833333333333,218.1825
2022-06-12,728.4883333333333,25.102500000000003,68.85208333333334,25.83375,51.26499999999999,160.19375
2022-06-13,489.13625,17.489166666666666,83.80416666666666,21.532083333333333,30.0475,85.55291666666666
2022-06-14,442.54375,14.15125,81.95666666666666,17.7475,21.01125,49.0925
2022-06-15,441.29333333333335,14.158333333333333,86.03791666666666,17.021666666666665,19.14708333333333,39.367916666666666
2022-06-16,797.4708333333333,31.424166666666665,92.71499999999999,35.803333333333335,40.2025,68.81375
2022-06-17,1485.3483333333334,51.67250000000001,61.812083333333334,52.3125,77.38125000000001,111.47083333333335
2022-06-18,835.8558333333334,30.866666666666664,64.4525,35.55375,36.44,51.255
2022-06-19,967.7016666666667,37.6225,39.48458333333333,31.233333333333334,37.9075,54.8675
2022-06-20,1423.04125,46.0325,79.04166666666667,44.534166666666664,78.68708333333333,108.3975
2022-06-21,2174.06,64.41791666666667,110.29375,66.44,162.41458333333333,200.21249999999998
2022-06-22,1647.23375,55.465,127.77208333333334,80.265,145.99916666666667,183.81583333333333
2022-06-23,987.7287500000001,30.017500000000002,106.22958333333332,35.375416666666666,67.24041666666666,103.15583333333332
2022-06-24,1920.93875,53.48708333333334,95.15125,49.17291666666667,119.06375000000001,202.70291666666665
2022-06-25,2724.2220833333336,83.43208333333334,149.58875,90.05958333333332,224.04999999999998,304.3025
2022-06-26,853.935,25.36916666666667,133.63500000000002,48.99458333333333,38.88791666666666,46.852916666666665
2022-06-27,990.7883333333333,37.08541666666667,131.68208333333334,67.5725,55.29916666666667,65.515
2022-06-28,2535.07125,72.09458333333333,27.812083333333334,81.85708333333334,163.30625,232.36
2022-06-29,1573.2354166666667,54.87125,31.378333333333334,78.06208333333333,99.15083333333332,183.60416666666666
2022-06-30,1229.4458333333334,63.5325,2.6016666666666666,104.32833333333333,55.276250000000005,67.39999999999999
2022-07-01,2520.64125,96.22083333333335,12.298333333333334,125.31666666666666,169.13791666666665,200.06125
2022-07-02,1145.1633333333332,33.645,90.30916666666667,37.05375,78.05291666666666,90.02999999999999
2022-07-03,2260.0091666666667,55.843333333333334,31.11708333333333,54.12125,122.46625,152.78708333333333
2022-07-04,2909.1800000000003,110.52999999999999,58.14416666666667,127.59125,264.3129166666667,334.9245833333333
2022-07-05,1277.84375,49.16708333333333,97.31291666666668,69.41916666666667,96.46916666666668,111.38208333333334
2022-07-06,1281.1816666666666,50.66625,69.365,64.37333333333333,67.5625,85.2375
2022-07-07,1102.6066666666668,47.66833333333333,51.33041666666667,63.69708333333333,57.593333333333334,75.47958333333334
2022-07-08,1372.1379166666666,48.84583333333333,94.43541666666665,58.94875,93.87666666666667,118.14291666666666
2022-07-09,876.7441666666667,37.24916666666667,50.53708333333333,52.86875,58.959583333333335,66.3325
2022-07-10,1290.9183333333333,59.32083333333333,37.47708333333333,79.69166666666666,96.77,114.69291666666668
2022-07-11,2609.3479166666666,113.60416666666667,136.28583333333333,132.95666666666668,307.97583333333336,385.06541666666664
2022-07-12,2042.4783333333335,89.83791666666667,60.58625,120.67333333333333,161.33124999999998,197.22541666666666
2022-07-13,1463.37375,53.25958333333333,87.06875000000001,75.57916666666667,103.5475,130.16458333333333
2022-07-14,1298.7058333333332,61.23333333333333,37.39958333333333,87.54,75.43958333333333,96.84249999999999
2022-07-15,1198.8479166666666,47.89541666666667,66.49666666666667,58.07541666666666,66.60541666666667,86.12041666666666
2022-07-16,1235.2858333333334,56.20708333333334,48.51499999999999,76.90958333333333,81.33666666666666,97.49374999999999
2022-07-17,1568.2379166666667,53.09458333333333,44.91583333333333,60.71666666666667,96.11791666666666,122.7725
2022-07-18,2183.2149999999997,77.085,104.56958333333334,105.14,205.49625,253.34708333333333
2022-07-19,2384.32625,97.60666666666667,80.39708333333333,108.69875,234.22625000000002,268.8066666666667
2022-07-20,934.6,47.98,54.36,78.2,112.29,119.87
2022-07-21,1727.4126086956521,59.58869565217391,30.147173913043478,94.77891304347827,129.29239130434783,148.58891304347827
2022-07-22,2520.2252173913043,71.19739130434782,5.934347826086957,111.35782608695652,146.29478260869564,177.3078260869565
2022-07-23,1089.2541666666666,41.75625,20.019583333333333,45.21083333333333,48.10583333333333,59.93958333333333
2022-07-24,694.8316666666666,29.28916666666667,57.75458333333333,43.3325,35.314166666666665,40.65916666666667
2022-07-25,818.88875,31.395,92.15541666666667,49.431666666666665,57.581250000000004,64.86041666666667
2022-07-26,959.3575000000001,34.00208333333333,75.615,48.77625,60.41458333333333,68.64708333333333
2022-07-27,958.8004166666666,39.541666666666664,30.8,49.15375,53.17666666666667,61.715
2022-07-28,1554.8862499999998,42.92666666666667,0.09958333333333334,66.35958333333333,67.42958333333333,88.06374999999998
2022-07-29,2133.4391666666666,48.925000000000004,7.78,54.35874999999999,99.04458333333334,131.17958333333334
2022-07-30,2654.6770833333335,41.34291666666667,8.214166666666667,58.42333333333334,174.15791666666667,228.22333333333333
2022-07-31,1310.1104166666667,32.952083333333334,24.309166666666666,32.58375,55.72375,77.59541666666667
2022-08-01,1908.4020833333334,40.02791666666666,11.98375,46.39208333333334,90.24874999999999,126.63791666666667
2022-08-02,1928.1566666666668,42.069583333333334,53.3325,43.23291666666666,99.92125,138.55208333333334
2022-08-03,2347.61875,58.84916666666667,4.08875,77.72375000000001,131.88791666666665,166.88708333333332
2022-08-04,1567.125,58.34916666666667,0.6224999999999999,110.82541666666667,103.58958333333334,121.65583333333332
2022-08-05,2572.914166666667,76.22791666666667,27.360833333333332,81.74666666666667,174.66458333333333,212.96041666666667
2022-08-06,2473.345,78.91333333333334,57.19,75.24125,179.77333333333334,206.62625
2022-08-07,1766.84,52.70791666666667,14.767083333333334,65.26666666666667,94.255,112.92291666666667
2022-08-08,2500.8679166666666,70.53083333333333,53.43333333333334,105.6675,204.73583333333332,268.76375
2022-08-09,1776.2975,52.85125,33.57083333333333,64.67083333333333,105.38375,140.08791666666667
2022-08-10,1186.3291666666667,48.38166666666667,54.96625,61.45291666666666,68.81458333333333,89.02291666666667
2022-08-11,991.90125,39.31375,49.725833333333334,56.06791666666667,60.03333333333333,76.40208333333334
2022-08-12,829.7366666666667,34.14333333333334,71.00500000000001,50.463750000000005,55.356249999999996,67.80333333333333
2022-08-13,1056.7104166666666,31.9375,70.19666666666667,33.666666666666664,76.28875000000001,92.33291666666666
2022-08-14,1537.64125,59.9625,19.5525,75.50875,107.52916666666665,129.99625
2022-08-15,1324.8520833333334,45.56916666666667,41.94583333333333,69.89583333333333,89.14999999999999,113.64125
2022-08-16,554.2225,27.032916666666665,50.37375,39.856249999999996,36.748333333333335,42.598333333333336
2022-08-17,817.77625,28.095,44.53666666666666,29.961250000000003,41.48208333333333,54.822916666666664
2022-08-18,977.15875,34.759166666666665,44.15291666666667,29.245416666666667,45.106249999999996,61.99375
2022-08-19,1042.8029166666668,32.45125,44.00833333333333,31.520833333333332,41.464999999999996,60.63125
2022-08-20,2608.5179166666667,68.8025,8.205,79.97958333333334,181.29416666666665,231.7875
2022-08-21,1216.0933333333332,40.54208333333333,57.321666666666665,46.43208333333333,79.10875,102.35125
2022-08-22,1218.0416666666667,54.06583333333333,19.043333333333333,93.50583333333333,68.06333333333333,85.58416666666666
2022-08-23,560.76,23.183333333333334,69.96124999999999,34.81875,41.09875,47.99208333333333
2022-08-24,908.7325000000001,39.37,44.63041666666667,44.83291666666667,59.00541666666666,73.53166666666667
2022-08-25,1756.54875,45.39666666666667,55.33416666666667,46.49166666666667,94.48291666666667,126.60333333333334
2022-08-26,692.3279166666666,26.639166666666668,67.32958333333333,33.376666666666665,35.11208333333333,47.93625
2022-08-27,488.1620833333333,16.450833333333332,67.75541666666668,20.100833333333334,22.729583333333334,38.47208333333334
2022-08-28,797.3316666666666,24.569166666666664,47.00583333333333,24.218333333333334,36.8275,74.53916666666667
2022-08-29,1431.1079166666666,48.35375,67.60375,54.39875,99.53333333333335,140.32708333333332
2022-08-30,2909.2175,58.63583333333333,91.6475,70.61166666666666,218.05583333333334,290.66791666666666
2022-08-31,1651.12375,40.37,59.62166666666667,44.04791666666667,108.81083333333333,148.98125
2022-09-01,2649.1066666666666,49.68833333333333,31.24083333333333,63.071666666666665,181.8708333333333,268.08958333333334
2022-09-02,2884.726666666667,55.615,28.075416666666666,64.75,161.1,237.21833333333333
2022-09-03,861.5841666666666,26.27625,56.81791666666667,24.354166666666668,42.08541666666667,78.15958333333333
2022-09-04,477.03666666666663,17.414583333333333,65.74375,18.199583333333333,18.082916666666666,35.135416666666664
2022-09-05,965.7541666666666,37.935,62.79125,36.47708333333333,45.695,77.96416666666667
2022-09-06,1640.5595833333334,48.88125,58.040416666666665,59.742916666666666,97.41708333333334,157.93625
2022-09-07,2557.0645833333333,49.30916666666667,64.83958333333334,71.76416666666667,179.29541666666668,265.20666666666665
2022-09-08,2608.7829166666666,64.95416666666667,102.88291666666667,98.76583333333333,255.23333333333335,331.7391666666667
2022-09-09,1256.705,49.625,123.91083333333334,91.11583333333334,120.40499999999999,135.92333333333332
2022-09-10,1433.6116666666667,59.26333333333333,76.04541666666667,83.36708333333333,109.32125,129.47208333333333
2022-09-11,1077.5729166666667,44.25458333333333,68.44833333333334,66.28083333333333,60.56333333333333,77.405
2022-09-12,1195.5091666666667,47.25375,39.28333333333334,66.39958333333333,57.01125,77.91208333333334
2022-09-13,662.28625,33.444583333333334,34.42458333333334,59.00875,26.432083333333335,36.39
2022-09-14,617.7816666666666,34.745,24.25125,57.79541666666666,23.185000000000002,29.64375
2022-09-15,909.8454166666667,40.814166666666665,11.240833333333333,63.99541666666667,40.044999999999995,49.97625
2022-09-16,2202.690416666667,53.96541666666667,23.560833333333335,58.193333333333335,125.51208333333334,164.20250000000001
2022-09-17,1353.2237499999999,41.82083333333333,50.374583333333334,33.09875,105.00166666666667,168.26958333333334
2022-09-18,2634.679583333333,62.77666666666667,65.23541666666667,55.01541666666666,254.1975,327.65833333333336
2022-09-19,2372.096666666667,56.77125,103.42833333333334,76.59333333333333,282.1195833333333,362.875
2022-09-20,2287.54625,80.96833333333333,33.27625,104.59291666666667,157.01916666666668,193.62333333333333
2022-09-21,3527.2312500000003,89.22375,11.045833333333334,127.23125,332.0129166666667,439.93125000000003
2022-09-22,1686.7320833333333,50.23833333333334,4.627916666666667,67.61,117.24083333333333,135.245
2022-09-23,1686.7316666666666,48.666666666666664,2.5995833333333334,75.20125,70.90291666666667,86.17958333333333
2022-09-24,1006.6433333333333,32.47416666666667,4.0874999999999995,38.56375,37.157916666666665,43.93083333333333
2022-09-25,2779.2858333333334,44.65125,47.162499999999994,40.282916666666665,216.88125,279.5491666666667
2022-09-26,2645.2445833333336,53.751666666666665,47.30375,59.72416666666667,203.05499999999998,264.82958333333335
2022-09-27,3024.6095833333334,50.17333333333334,46.365,57.7075,246.41750000000002,344.41166666666663
2022-09-28,3506.6575,61.51291666666666,52.382083333333334,61.373333333333335,258.045,363.33
2022-09-29,3458.257916666667,55.60833333333333,53.882083333333334,59.84291666666667,306.43916666666667,400.39958333333334
2022-09-30,3387.0508333333332,67.06625,63.11666666666667,58.45166666666666,318.9941666666667,405.4791666666667
2022-10-01,3348.660416666667,61.77,53.20041666666666,48.6675,290.11041666666665,372.71125
2022-10-02,2263.6066666666666,54.88666666666666,62.25791666666667,46.312916666666666,204.93708333333333,279.84499999999997
2022-10-03,1250.3066666666666,41.34916666666667,56.062083333333334,38.315,82.98541666666667,124.79666666666667
2022-10-04,2152.9195833333333,66.83916666666667,72.83583333333333,56.43541666666667,198.9141666666667,252.29833333333332
2022-10-05,1809.6770833333333,75.11416666666666,34.84916666666667,97.01708333333333,140.535,169.6075
2022-10-06,1116.51375,49.42333333333334,19.137083333333333,81.61874999999999,52.07041666666667,70.87458333333333
2022-10-07,1149.3354166666666,45.18291666666667,0.7374999999999999,95.645,52.034166666666664,66.02125
2022-10-08,953.7941666666667,35.670833333333334,4.4054166666666665,50.88291666666667,40.71333333333333,49.362500000000004
2022-10-09,1114.8454166666668,38.51416666666667,2.006666666666667,53.59375,47.16625,56.97625
2022-10-10,1922.6079166666668,60.94833333333333,16.76875,90.73833333333333,114.61166666666666,142.49125
2022-10-11,3740.015,106.16000000000001,9.839166666666667,124.1225,356.3,463.82874999999996
2022-10-12,2877.771666666667,67.61625,51.49916666666667,61.69083333333333,245.10666666666668,290.03791666666666
2022-10-13,2335.65875,54.900416666666665,55.39000000000001,46.27333333333333,180.56583333333333,228.0204166666667
2022-10-14,2292.8325,62.23500000000001,56.83958333333334,47.49541666666667,193.46083333333334,248.04666666666665
2022-10-15,3189.017916666666,69.4225,46.54583333333333,49.86833333333333,263.47541666666666,343.5758333333333
2022-10-16,3603.464583333333,85.5825,60.99458333333334,65.06750000000001,309.9870833333333,395.07375
2022-10-17,3292.7654166666666,82.85458333333334,39.06125,58.60125,254.23749999999998,333.77500000000003
2022-10-18,3223.4995833333337,104.21749999999999,39.68,82.60666666666667,268.93666666666667,372.87041666666664
2022-10-19,3422.6637499999997,133.76874999999998,56.759166666666665,88.5825,322.5225,434.285
2022-10-20,3541.7141666666666,129.65041666666667,43.651250000000005,97.25958333333334,363.92,471.65708333333333
2022-10-21,4081.02375,118.9975,43.59125,97.12208333333332,405.84041666666667,528.54625
2022-10-22,2727.0179166666667,64.72458333333334,46.01458333333333,43.68,232.70583333333332,301.87
2022-10-23,3237.4133333333334,74.72208333333333,47.8825,54.965,256.37416666666667,332.87083333333334
2022-10-24,2460.0033333333336,70.55916666666667,61.56125,52.43083333333333,165.59166666666667,212.1975
2022-10-25,2950.659166666667,68.51666666666667,55.609166666666674,52.70041666666666,217.18375,283.8858333333333
2022-10-26,4227.889166666667,109.95791666666668,45.42791666666667,111.03666666666668,401.95250000000004,551.645
2022-10-27,4323.2820833333335,145.47333333333333,46.15708333333333,129.12375,437.7283333333333,605.4120833333333
2022-10-28,4591.687916666667,213.65166666666667,62.540416666666665,154.25416666666666,545.7733333333333,778.4620833333333
2022-10-29,4416.4591666666665,155.31291666666667,63.970000000000006,100.67958333333333,488.7058333333334,658.515
2022-10-30,3759.7687499999997,88.17333333333333,51.80833333333333,67.30291666666666,368.17375,474.7925
2022-10-31,4404.7775,157.05458333333334,50.37,136.9825,475.3675,642.64
2022-11-01,3389.568333333333,77.49875,34.72208333333334,54.07125,247.86083333333332,333.0625
2022-11-02,3338.9449999999997,88.46625,39.81791666666667,60.49875,315.90625,424.0095833333333
2022-11-03,3667.9691666666663,82.85541666666667,45.61083333333334,68.16041666666666,360.9975,474.00624999999997
2022-11-04,4188.666666666667,131.98916666666665,126.62416666666667,102.56208333333332,500.7083333333333,650.3333333333334
2022-11-05,2479.568333333333,66.88875,71.86208333333333,41.75416666666667,322.29625,386.4895833333333
2022-11-06,3598.9954166666666,73.44375000000001,48.6875,52.58083333333334,414.98291666666665,510.7479166666667
2022-11-07,4423.428333333333,157.12083333333334,24.48125,130.04916666666665,496.34708333333333,639.29
2022-11-08,4392.5475,135.40583333333333,12.805,118.49374999999999,530.81375,723.3520833333333
2022-11-09,4537.725416666667,194.84833333333333,29.32041666666667,152.92,535.7129166666667,757.5079166666666
2022-11-10,3417.37375,95.17708333333333,31.74208333333333,75.38083333333334,314.16583333333335,421.54625000000004
2022-11-11,1887.560416666667,54.17875,65.75875,40.114583333333336,129.72125,160.74666666666667
2022-11-12,1979.35125,43.169999999999995,94.60791666666667,32.634166666666665,149.1975,177.90625
2022-11-13,3458.815,78.73125,46.029583333333335,59.52458333333333,300.13124999999997,391.79749999999996
2022-11-14,3403.740416666667,100.61833333333334,36.615,87.60541666666667,306.96083333333337,413.5175
2022-11-15,3770.61125,127.63625,24.530833333333334,120.46375,365.4904166666667,512.4279166666666
2022-11-16,1883.3883333333333,57.71333333333334,52.635,48.36000000000001,131.93041666666667,168.31041666666667
2022-11-17,1749.8741666666667,53.729166666666664,66.19083333333333,41.086666666666666,118.59875,147.4908333333333
2022-11-18,3674.9366666666665,78.98375,30.155,67.22375000000001,281.61708333333337,361.53625000000005
2022-11-19,3706.09,87.53833333333334,38.70375,58.81916666666667,303.0054166666667,374.36125
2022-11-20,2441.0875,60.71291666666667,44.760416666666664,39.29916666666667,190.72458333333336,232.13291666666666
2022-11-21,2010.5033333333333,61.99041666666667,50.52125,47.55375,151.66875000000002,187.79999999999998
2022-11-22,2339.84,68.53125,40.922916666666666,52.25208333333333,151.95125,193.93541666666667
2022-11-23,1799.6620833333334,56.178333333333335,43.945,43.094166666666666,110.81541666666668,144.7675
2022-11-24,3338.6529166666664,67.51666666666667,32.20125,60.757083333333334,260.04791666666665,337.49625
2022-11-25,3754.4883333333332,102.90375,41.00875,82.31291666666667,398.4270833333333,503.28125
2022-11-26,2184.6304166666664,63.67583333333334,58.89333333333334,40.89875,253.6158333333333,306.80375
2022-11-27,3780.6441666666665,76.72791666666667,39.7875,49.61041666666667,383.50333333333333,462.69083333333333
2022-11-28,4454.854583333333,121.75291666666668,32.96208333333333,114.19583333333333,503.31916666666666,670.0875
2022-11-29,4201.4695833333335,96.46291666666667,33.96458333333333,71.98166666666667,416.44208333333336,507.00541666666663
2022-11-30,3960.5958333333333,87.08166666666666,33.994166666666665,58.918749999999996,411.945,494.14750000000004
2022-12-01,3955.0425,76.67041666666667,32.093333333333334,54.845,413.1383333333333,500.2341666666667
2022-12-02,4348.043333333333,141.26083333333335,28.395833333333332,101.53708333333333,467.86583333333334,612.5120833333334
2022-12-03,4005.648333333333,100.70458333333333,25.305000000000003,73.78041666666667,383.6175,463.79625000000004
2022-12-04,3299.7383333333332,65.54,28.95375,38.39625,318.58625,374.42333333333335
2022-12-05,3953.9112499999997,83.76875,33.312083333333334,64.43291666666667,434.4845833333333,540.4866666666667
2022-12-06,1725.1179166666668,46.02583333333333,80.28041666666667,44.41625,237.30125,275.2291666666667
2022-12-07,1456.42,42.51916666666667,66.51875,37.472500000000004,191.01416666666668,233.81375
2022-12-08,3166.2058333333334,72.97291666666666,30.562916666666666,47.752916666666664,321.33708333333334,408.38625
2022-12-09,2429.96,55.52,0.02,22.41,281.64,344.08
2022-12-10,2179.7665217391304,55.357608695652175,14.220869565217392,30.71369565217391,214.58239130434782,266.73456521739126
2022-12-11,1929.5730434782608,55.19521739130435,28.421739130434784,39.017391304347825,147.52478260869566,189.3891304347826
2022-12-12,1994.9279166666668,60.790416666666665,38.134166666666665,46.19291666666666,151.46458333333334,189.73166666666668
2022-12-13,1369.6354166666667,39.056666666666665,74.67041666666667,38.693333333333335,119.93958333333335,143.99458333333334
2022-12-14,1703.9775,53.807916666666664,38.108333333333334,43.3825,117.89333333333333,148.97708333333333
2022-12-15,1507.3225,53.194583333333334,41.15625,38.742916666666666,94.06875000000001,124.27958333333333
2022-12-16,3273.0070833333334,66.475,19.663333333333334,59.46541666666667,289.835,378.32916666666665
2022-12-17,3516.3970833333333,76.81291666666667,24.185833333333335,63.27,309.37208333333336,386.0195833333333
2022-12-18,3854.9075,86.66666666666667,29.457083333333333,55.14333333333334,397.8045833333333,473.7395833333333
2022-12-19,3995.3608333333336,88.71,35.41291666666667,64.54166666666667,494.1125,602.9108333333334
2022-12-20,3655.4841666666666,79.72666666666667,27.585416666666664,54.895,407.40166666666664,488.55791666666664
2022-12-21,3741.9775000000004,96.30624999999999,34.9675,73.34416666666667,463.895,556.1595833333333
2022-12-22,3893.8591666666666,93.60791666666667,34.026666666666664,63.99541666666667,497.17375,576.0758333333333
2022-12-23,3942.8129166666663,96.96291666666667,28.708333333333332,80.52666666666666,494.4179166666667,564.7579166666667
2022-12-24,1797.4379166666668,45.91083333333333,57.87625,33.319583333333334,209.43416666666667,235.68375
2022-12-25,1321.79,25.36,46.49,19.31,218.25,235.31
2022-12-26,3596.7330434782607,81.31652173913044,31.261739130434783,55.27217391304348,419.1826086956522,498.9091304347826
2022-12-27,1905.3616666666667,48.45375000000001,74.10375,40.799166666666665,249.83041666666668,277.27166666666665
2022-12-28,1436.3925,41.52708333333333,64.71583333333334,34.88916666666667,177.47166666666666,201.7108333333333
2022-12-29,3229.6341666666667,87.48041666666667,25.96666666666667,64.63166666666666,381.59875000000005,448.52875
2022-12-30,3343.93125,97.12041666666666,26.135833333333334,83.60166666666667,411.6333333333334,532.1458333333334
2022-12-31,1601.8945833333335,45.040416666666665,41.10333333333333,28.242500000000003,159.27083333333334,186.07625
2023-01-01,3762.824583333333,93.23625,21.29083333333333,101.18208333333332,393.64875,524.4191666666667
2023-01-02,4546.6362500000005,110.18708333333332,16.977083333333333,107.6125,544.8291666666667,750.1604166666666
2023-01-03,3101.3995833333333,71.80125,39.477916666666665,59.57458333333333,352.42541666666665,426.5445833333333
2023-01-04,2769.8679166666666,75.6575,34.64083333333333,52.07375,304.0216666666667,350.49083333333334
2023-01-05,3799.5591666666664,81.71208333333333,17.712083333333332,58.00458333333333,407.5129166666666,496.6095833333333
2023-01-06,3764.2279166666667,93.65083333333332,9.7475,68.69500000000001,393.2416666666666,484.78791666666666
2023-01-07,2336.5025,62.63375,39.790416666666665,36.13041666666667,265.90500000000003,294.6379166666667
2023-01-08,2916.4304166666666,65.04708333333333,33.12833333333334,37.96875,354.21791666666667,396.26666666666665
2023-01-09,4288.82,101.67541666666666,2.5704166666666666,96.75416666666666,472.0416666666667,595.56375
2023-01-10,2702.554583333333,61.22,36.968333333333334,44.44541666666667,340.75291666666664,376.3883333333333
2023-01-11,3377.0558333333333,101.54833333333333,27.3325,65.74374999999999,430.53125,506.3829166666667
2023-01-12,1969.3374999999999,59.26333333333333,53.24,45.43833333333333,300.4270833333333,326.6666666666667
2023-01-13,3477.99375,85.19666666666667,14.156666666666666,103.33749999999999,420.425,545.0495833333333
2023-01-14,1538.1975,34.643750000000004,64.80333333333333,31.808333333333334,216.67791666666665,239.56375
2023-01-15,1516.50125,48.217083333333335,52.13083333333333,31.977500000000003,127.66000000000001,152.89916666666667
2023-01-16,2359.31125,66.58958333333334,31.580416666666668,44.594166666666666,175.975,221.79458333333332
2023-01-17,3106.4166666666665,70.78666666666668,34.425000000000004,48.14124999999999,259.33250000000004,317.0941666666667
2023-01-18,3829.0245833333333,85.55333333333334,27.975416666666664,58.322916666666664,360.4066666666667,439.0725
2023-01-19,3555.3391666666666,132.17749999999998,27.8575,119.38875,395.23499999999996,513.3529166666666
2023-01-20,2770.9795833333333,64.61874999999999,27.46083333333333,55.958333333333336,265.76166666666666,318.20708333333334
2023-01-21,2263.07,66.10375,25.228333333333335,57.86875,245.02958333333333,320.2320833333333
2023-01-22,1404.96125,33.53666666666667,27.261666666666667,22.238333333333333,162.94333333333333,216.4070833333333
2023-01-23,3124.4670833333334,77.38375,26.542083333333334,66.19166666666666,352.7345833333333,483.7616666666667
2023-01-24,1938.9266666666667,46.724444444444444,32.71888888888889,45.672222222222224,251.7766666666667,305.7288888888889
